FinDesk отчет группы	QA production multi employee 20260527201737
Сформировано	2026-05-27 20:18:34

Итог
Приход	Расход	Наличные расходы	Карта / безнал	У администратора	У сотрудников	Физическая касса	Учетный баланс
716.00	0.00	0.00	0.00	532.00	184.00	716.00	716.00

Остатки на руках
Хранитель	Тип	Отчетов	Остаток
vetus.nauta+findesk-qa-admin-20260527201737	Администратор		532.00
vetus.nauta+findesk-qa-emp1-20260527201737	Сотрудник	1	67.00
vetus.nauta+findesk-qa-emp3-20260527201737	Сотрудник	1	117.00

Статьи
Статья	Строк	Приход	Расход	Итог
Переходящий остаток	3	716.00	0.00	716.00

Участники
Участник	Строк	Внес	Расход	Итог
Администратор	1	532.00	0.00	532.00
vetus.nauta+findesk-qa-emp1-20260527201737	1	67.00	0.00	67.00
vetus.nauta+findesk-qa-emp3-20260527201737	1	117.00	0.00	117.00

Движение денег
Дата	Кто	Источник	Статья	Тип	Деньги	Назначение	Сумма	Касса была	Движение	Касса стала	Баланс стал
2026-05-27 16:17:51	Администратор	Переходящий остаток	Переходящий остаток	Приход	Наличные	Переходящий остаток	532.00	0.00	532.00	532.00	532.00
2026-05-27 16:17:51	vetus.nauta+findesk-qa-emp1-20260527201737	Переходящий остаток	Переходящий остаток	Приход	Наличные	Переходящий остаток	67.00	532.00	67.00	599.00	599.00
2026-05-27 16:17:51	vetus.nauta+findesk-qa-emp3-20260527201737	Переходящий остаток	Переходящий остаток	Приход	Наличные	Переходящий остаток	117.00	599.00	117.00	716.00	716.00